<?xml version="1.0" encoding="UTF-8"?>
<beans xmlns="http://www.springframework.org/schema/beans"
       xmlns:xsi="http://www.w3.org/2001/XMLSchema-instance"
       xmlns:os-gateway="http://www.openspaces.org/schema/core/gateway"
       xsi:schemaLocation="http://www.springframework.org/schema/beans http://www.springframework.org/schema/beans/spring-beans.xsd
       http://www.openspaces.org/schema/core/gateway
       http://www.openspaces.org/schema/15.0/core/gateway/openspaces-gateway.xsd">


    <bean id="propertiesConfigurer" class="org.springframework.beans.factory.config.PropertyPlaceholderConfigurer">
        <property name="ignoreResourceNotFound" value="true" />
        <property name="properties">
            <props>
                <prop key="us-east-spaceUrl">jini://*/*/mySpace</prop>
                <prop key="us-south-lookup-host">localhost</prop>
                <prop key="us-south-lookup-port">4174</prop>
                <prop key="us-south-communication-port">8200</prop>
                <prop key="us-east-lookup-host">localhost</prop>
                <prop key="us-east-lookup-port">4175</prop>
                <prop key="us-east-communication-port">8200</prop>
            </props>
        </property>
    </bean>


    <os-gateway:delegator id="delegator" local-gateway-name="us-east" gateway-lookups="gatewayLookups">
        <os-gateway:delegation target="us-south"/>
    </os-gateway:delegator>

    <os-gateway:sink id="sink" local-gateway-name="us-east" gateway-lookups="gatewayLookups"
                     local-space-url="${us-east-spaceUrl}">
        <os-gateway:sources>
            <os-gateway:source name="us-south"/>
        </os-gateway:sources>
    </os-gateway:sink>

    <os-gateway:lookups id="gatewayLookups">
        <os-gateway:lookup gateway-name="us-east"  host="${us-east-lookup-host}"  discovery-port="${us-east-lookup-port}"  communication-port="${us-east-communication-port}"/>
        <os-gateway:lookup gateway-name="us-south" host="${us-south-lookup-host}" discovery-port="${us-south-lookup-port}" communication-port="${us-south-communication-port}"/>
        <!--<os-gateway:lookup gateway-name="DE" host="localhost" discovery-port="10769" communication-port="8000"/>
        <os-gateway:lookup gateway-name="RU" host="localhost" discovery-port="10770" communication-port="9000"/>-->
    </os-gateway:lookups>
</beans>
